week_end_date,JPM_price,META_price,NVDA_price,TSLA_price,TSLA_trends,NVDA_trends,META_trends,JPM_trends,TSLA_wiki_views,NVDA_wiki_views,META_wiki_views,JPM_wiki_views,TSLA_return,NVDA_return,META_return,JPM_return,TSLA_trends_lag0,TSLA_trends_lag1,TSLA_trends_lag2,TSLA_trends_lag3,TSLA_trends_lag4,TSLA_wiki_lag0,TSLA_wiki_lag1,TSLA_wiki_lag2,TSLA_wiki_lag3,TSLA_wiki_lag4,NVDA_trends_lag0,NVDA_trends_lag1,NVDA_trends_lag2,NVDA_trends_lag3,NVDA_trends_lag4,NVDA_wiki_lag0,NVDA_wiki_lag1,NVDA_wiki_lag2,NVDA_wiki_lag3,NVDA_wiki_lag4,META_trends_lag0,META_trends_lag1,META_trends_lag2,META_trends_lag3,META_trends_lag4,META_wiki_lag0,META_wiki_lag1,META_wiki_lag2,META_wiki_lag3,META_wiki_lag4,JPM_trends_lag0,JPM_trends_lag1,JPM_trends_lag2,JPM_trends_lag3,JPM_trends_lag4,JPM_wiki_lag0,JPM_wiki_lag1,JPM_wiki_lag2,JPM_wiki_lag3,JPM_wiki_lag4
2022-01-14,141.63804626464844,329.01080322265625,26.857154846191406,349.8699951171875,47,11,34,66,70439,23439,268830,25264,2.205535064100994,-1.1193874730623388,0.03316182711832205,-5.545580020546681,47,,,,,70439,,,,,11,,,,,23439,,,,,34,,,,,268830,,,,,66,,,,,25264,,,,
2022-01-21,130.14659118652344,300.5308532714844,23.300392150878903,314.6333312988281,38,9,31,59,70359,24757,267751,24767,-10.071359164868365,-13.243259443086119,-8.656235501148036,-8.113254440585404,38,47.0,,,,70359,70439.0,,,,9,11.0,,,,24757,23439.0,,,,31,34.0,,,,267751,268830.0,,,,59,66.0,,,,24767,25264.0,,,
2022-01-28,131.5191192626953,299.0835876464844,22.7680721282959,282.1166687011719,79,13,33,47,73696,26399,273569,26699,-10.33478000039768,-2.2845968391262628,-0.48156973210754517,1.054601633172858,79,38.0,47.0,,,73696,70359.0,70439.0,,,13,9.0,11.0,,,26399,24757.0,23439.0,,,33,31.0,34.0,,,273569,267751.0,268830.0,,,47,59.0,66.0,,,26699,24767.0,25264.0,,
2022-02-04,136.856689453125,235.02609252929688,24.242416381835938,307.7733459472656,51,12,60,49,74251,24268,293705,26955,9.094349995061869,6.475490086434421,-21.41792387247381,4.058398672643526,51,79.0,38.0,47.0,,74251,73696.0,70359.0,70439.0,,12,13.0,9.0,11.0,,24268,26399.0,24757.0,23439.0,,60,33.0,31.0,34.0,,293705,273569.0,267751.0,268830.0,,49,47.0,59.0,66.0,,26955,26699.0,24767.0,25264.0,
2022-02-11,138.07667541503906,217.6388092041016,23.873579025268555,286.6666564941406,41,12,51,47,71052,29961,282382,28158,-6.857867885915459,-1.5214545891709896,-7.398022550635686,0.8914331968638889,41,51.0,79.0,38.0,47.0,71052,74251.0,73696.0,70359.0,70439.0,12,12.0,13.0,9.0,11.0,29961,24268.0,26399.0,24757.0,23439.0,51,60.0,33.0,31.0,34.0,282382,293705.0,273569.0,267751.0,268830.0,47,49.0,47.0,59.0,66.0,28158,26955.0,26699.0,24767.0,25264.0
2022-02-18,136.4799041748047,204.3653717041016,23.567546844482425,285.6600036621094,42,21,43,42,64946,27172,282273,28522,-0.3511579771230955,-1.281886475681815,-6.0988375871658835,-1.156438069959831,42,41.0,51.0,79.0,38.0,64946,71052.0,74251.0,73696.0,70359.0,21,12.0,12.0,13.0,9.0,27172,29961.0,24268.0,26399.0,24757.0,43,51.0,60.0,33.0,31.0,282273,282382.0,293705.0,273569.0,267751.0,42,47.0,49.0,47.0,59.0,28522,28158.0,26955.0,26699.0,24767.0
2022-02-25,132.7391357421875,208.64773559570312,24.080923080444336,269.9566650390625,45,10,38,40,67315,34718,281372,30295,-5.497212918060956,2.178318512951649,2.09544496501195,-2.740893214451545,45,42.0,41.0,51.0,79.0,67315,64946.0,71052.0,74251.0,73696.0,10,21.0,12.0,12.0,13.0,34718,27172.0,29961.0,24268.0,26399.0,38,43.0,51.0,60.0,33.0,281372,282273.0,282382.0,293705.0,273569.0,40,42.0,47.0,49.0,47.0,30295,28522.0,28158.0,26955.0,26699.0
2022-03-04,120.56593322753906,198.3184509277344,22.8676700592041,279.42999267578125,44,9,34,53,56539,22977,252289,25750,3.5092030920399697,-5.038233032792228,-4.9505855591856385,-9.170771262434485,44,45.0,42.0,41.0,51.0,56539,67315.0,64946.0,71052.0,74251.0,9,10.0,21.0,12.0,12.0,22977,34718.0,27172.0,29961.0,24268.0,34,38.0,43.0,51.0,60.0,252289,281372.0,282273.0,282382.0,293705.0,53,40.0,42.0,47.0,49.0,25750,30295.0,28522.0,28158.0,26955.0
2022-03-11,115.62308502197266,185.976806640625,22.03415298461914,265.1166687011719,40,9,35,48,63537,20101,197720,26559,-5.12232915212395,-3.6449584606870533,-6.22314476004383,-4.0997055082201195,40,44.0,45.0,42.0,41.0,63537,56539.0,67315.0,64946.0,71052.0,9,9.0,10.0,21.0,12.0,20101,22977.0,34718.0,27172.0,29961.0,35,34.0,38.0,43.0,51.0,197720,252289.0,281372.0,282273.0,282382.0,48,53.0,40.0,42.0,47.0,26559,25750.0,30295.0,28522.0,28158.0
2022-03-18,125.67920684814452,214.60543823242188,26.37418556213379,301.7966613769531,41,10,36,48,68165,19693,249591,25146,13.835415500458549,19.696843262113095,15.393656934392808,8.697330489201892,41,40.0,44.0,45.0,42.0,68165,63537.0,56539.0,67315.0,64946.0,10,9.0,9.0,10.0,21.0,19693,20101.0,22977.0,34718.0,27172.0,36,35.0,34.0,38.0,43.0,249591,197720.0,252289.0,281372.0,282273.0,48,48.0,53.0,40.0,42.0,25146,26559.0,25750.0,30295.0,28522.0
2022-03-25,127.31185913085938,219.8890380859375,27.609495162963867,336.8800048828125,47,12,35,41,70448,23780,265864,26732,11.62482823560438,4.683782928272295,2.4620065069336228,1.29906316538706,47,41.0,40.0,44.0,45.0,70448,68165.0,63537.0,56539.0,67315.0,12,10.0,9.0,9.0,10.0,23780,19693.0,20101.0,22977.0,34718.0,35,36.0,35.0,34.0,38.0,265864,249591.0,197720.0,252289.0,281372.0,41,48.0,48.0,53.0,40.0,26732,25146.0,26559.0,25750.0,30295.0
2022-04-01,121.3822784423828,222.8926544189453,26.63241577148437,361.5299987792969,54,10,34,43,63046,21974,252542,25883,7.317143653289593,-3.538925234642376,1.3659691083981684,-4.657524231408616,54,47.0,41.0,40.0,44.0,63046,70448.0,68165.0,63537.0,56539.0,10,12.0,10.0,9.0,9.0,21974,23780.0,19693.0,20101.0,22977.0,34,35.0,36.0,35.0,34.0,252542,265864.0,249591.0,197720.0,252289.0,43,41.0,48.0,48.0,53.0,25883,26732.0,25146.0,26559.0,25750.0
2022-04-08,120.63722229003906,220.3945770263672,23.05011940002441,341.8299865722656,47,9,34,47,86519,20660,261581,26544,-5.449067096381544,-13.450887828567048,-1.1207535748947506,-0.6138096614304311,47,54.0,47.0,41.0,40.0,86519,63046.0,70448.0,68165.0,63537.0,9,10.0,12.0,10.0,9.0,20660,21974.0,23780.0,19693.0,20101.0,34,34.0,35.0,36.0,35.0,261581,252542.0,265864.0,249591.0,197720.0,47,43.0,41.0,48.0,48.0,26544,25883.0,26732.0,25146.0,26559.0
2022-04-15,113.9768295288086,208.35037231445312,21.194664001464844,328.3333435058594,37,9,32,61,131333,19601,220016,26874,-3.9483496464851386,-8.049656343895562,-5.464837145458956,-5.521009713915149,37,47.0,54.0,47.0,41.0,131333,86519.0,63046.0,70448.0,68165.0,9,9.0,10.0,12.0,10.0,19601,20660.0,21974.0,23780.0,19693.0,32,34.0,34.0,35.0,36.0,220016,261581.0,252542.0,265864.0,249591.0,61,47.0,43.0,41.0,48.0,26874,26544.0,25883.0,26732.0,25146.0
2022-04-22,114.60039520263672,182.50729370117188,19.456859588623047,335.01666259765625,64,10,33,43,120624,19862,197168,29312,2.03552859433469,-8.199254362898555,-12.40366327461011,0.5470986308410364,64,37.0,47.0,54.0,47.0,120624,131333.0,86519.0,63046.0,70448.0,10,9.0,9.0,10.0,12.0,19862,19601.0,20660.0,21974.0,23780.0,33,32.0,34.0,34.0,35.0,197168,220016.0,261581.0,252542.0,265864.0,43,61.0,47.0,43.0,41.0,29312,26874.0,26544.0,25883.0,26732.0
2022-04-29,107.8676986694336,198.7248992919922,18.491744995117188,290.2533264160156,67,11,39,43,209568,20715,198236,25902,-13.361525314757216,-4.9602793765864845,8.886004094375632,-5.874933084915068,67,64.0,37.0,47.0,54.0,209568,120624.0,131333.0,86519.0,63046.0,11,10.0,9.0,9.0,10.0,20715,19862.0,19601.0,20660.0,21974.0,39,33.0,32.0,34.0,34.0,198236,197168.0,220016.0,261581.0,252542.0,43,43.0,61.0,47.0,43.0,25902,29312.0,26874.0,26544.0,25883.0
2022-05-06,111.8078842163086,201.9961700439453,18.619359970092773,288.54998779296875,49,9,35,44,127529,20083,147415,25514,-0.5868455132209238,0.6901186178442487,1.6461302854387405,3.6527946692826996,49,67.0,64.0,37.0,47.0,127529,209568.0,120624.0,131333.0,86519.0,9,11.0,10.0,9.0,9.0,20083,20715.0,19862.0,19601.0,20660.0,35,39.0,33.0,32.0,34.0,147415,198236.0,197168.0,220016.0,261581.0,44,43.0,43.0,61.0,47.0,25514,25902.0,29312.0,26874.0,26544.0
2022-05-13,107.62369537353516,196.8909912109375,17.653247833251953,256.5299987792969,62,11,36,46,96201,20920,152234,44018,-11.096860290510858,-5.188750517701102,-2.5273641732400987,-3.7423021391573053,62,49.0,67.0,64.0,37.0,96201,127529.0,209568.0,120624.0,131333.0,11,9.0,11.0,10.0,9.0,20920,20083.0,20715.0,19862.0,19601.0,36,35.0,39.0,33.0,32.0,152234,147415.0,198236.0,197168.0,220016.0,46,44.0,43.0,43.0,61.0,44018,25514.0,25902.0,29312.0,26874.0
2022-05-20,106.04216766357422,191.85520935058597,16.644264221191406,221.3000030517578,59,9,33,42,89370,18954,149921,24478,-13.733284955046853,-5.715569291221345,-2.557649707272025,-1.469497683081633,59,62.0,49.0,67.0,64.0,89370,96201.0,127529.0,209568.0,120624.0,9,11.0,9.0,11.0,10.0,18954,20920.0,20083.0,20715.0,19862.0,33,36.0,35.0,39.0,33.0,149921,152234.0,147415.0,198236.0,197168.0,42,46.0,44.0,43.0,43.0,24478,44018.0,25514.0,25902.0,29312.0
2022-05-27,118.63098907470705,193.43138122558597,18.754955291748047,253.2100067138672,58,16,35,51,73968,21831,153188,26037,14.419341718059652,12.681191805819324,0.8215423914394782,11.87152402530256,58,59.0,62.0,49.0,67.0,73968,89370.0,96201.0,127529.0,209568.0,16,9.0,11.0,9.0,11.0,21831,18954.0,20920.0,20083.0,20715.0,35,33.0,36.0,35.0,39.0,153188,149921.0,152234.0,147415.0,198236.0,51,42.0,46.0,44.0,43.0,26037,24478.0,44018.0,25514.0,25902.0
2022-06-03,117.62784576416016,189.11924743652344,18.66422843933105,234.51666259765625,45,7,33,44,71350,17639,155841,26254,-7.382545563191279,-0.4837487000404317,-2.229283460491649,-0.8455997192396092,45,58.0,59.0,62.0,49.0,71350,73968.0,89370.0,96201.0,127529.0,7,16.0,9.0,11.0,9.0,17639,21831.0,18954.0,20920.0,20083.0,33,35.0,33.0,36.0,35.0,155841,153188.0,149921.0,152234.0,147415.0,44,51.0,42.0,46.0,44.0,26254,26037.0,24478.0,44018.0,25514.0
2022-06-10,108.03942108154295,174.04164123535156,16.927005767822266,232.22999572753903,46,7,35,41,65346,17470,151403,27123,-0.9750551814905695,-9.307765799993872,-7.972539234131926,-8.151492208606514,46,45.0,58.0,59.0,62.0,65346,71350.0,73968.0,89370.0,96201.0,7,7.0,16.0,9.0,11.0,17470,17639.0,21831.0,18954.0,20920.0,35,33.0,35.0,33.0,36.0,151403,155841.0,153188.0,149921.0,152234.0,41,44.0,51.0,42.0,46.0,27123,26254.0,26037.0,24478.0,44018.0
2022-06-17,102.14716339111328,162.3146209716797,15.836034774780272,216.75999450683597,51,8,37,44,59819,18263,167528,26647,-6.661500023818223,-6.445150477327166,-6.738054284269679,-5.453803464924601,51,46.0,45.0,58.0,59.0,59819,65346.0,71350.0,73968.0,89370.0,8,7.0,7.0,16.0,9.0,18263,17470.0,17639.0,21831.0,18954.0,37,35.0,33.0,35.0,33.0,167528,151403.0,155841.0,153188.0,149921.0,44,41.0,44.0,51.0,42.0,26647,27123.0,26254.0,26037.0,24478.0
2022-06-24,106.02413177490234,168.6787109375,17.078584671020508,245.7066650390625,38,6,39,42,59738,16802,177182,26848,13.354249522881245,7.846344832603314,3.920835922064403,3.7954733690885423,38,51.0,46.0,45.0,58.0,59738,59819.0,65346.0,71350.0,73968.0,6,8.0,7.0,7.0,16.0,16802,18263.0,17470.0,17639.0,21831.0,39,37.0,35.0,33.0,35.0,177182,167528.0,151403.0,155841.0,153188.0,42,44.0,41.0,44.0,51.0,26848,26647.0,27123.0,26254.0,26037.0
2022-07-01,103.06896209716795,158.6369171142578,14.482791900634766,227.26333618164065,37,7,36,41,49878,17575,175070,26366,-7.506238731655779,-15.199109413266354,-5.953207590590937,-2.7872613793324397,37,38.0,51.0,46.0,45.0,49878,59738.0,59819.0,65346.0,71350.0,7,6.0,8.0,7.0,7.0,17575,16802.0,18263.0,17470.0,17639.0,36,39.0,37.0,35.0,33.0,175070,177182.0,167528.0,151403.0,155841.0,41,42.0,44.0,41.0,44.0,26366,26848.0,26647.0,27123.0,26254.0
2022-07-08,104.26329040527344,169.39247131347656,15.794150352478027,250.76333618164065,36,6,35,42,51980,17596,167065,30138,10.340427274735408,9.054597075207482,6.779981857231943,1.1587662122565456,36,37.0,38.0,51.0,46.0,51980,49878.0,59738.0,59819.0,65346.0,6,7.0,6.0,8.0,7.0,17596,17575.0,16802.0,18263.0,17470.0,35,36.0,39.0,37.0,35.0,167065,175070.0,177182.0,167528.0,151403.0,42,41.0,42.0,44.0,41.0,30138,26366.0,26848.0,26647.0,27123.0
2022-07-15,102.977783203125,163.26626586914062,15.718361854553224,240.0666656494141,40,6,36,61,64453,18711,158523,28336,-4.265643732095836,-0.47985169340186706,-3.616574808096884,-1.2329432508331961,40,36.0,37.0,38.0,51.0,64453,51980.0,49878.0,59738.0,59819.0,6,6.0,7.0,6.0,8.0,18711,17596.0,17575.0,16802.0,18263.0,36,35.0,36.0,39.0,37.0,158523,167065.0,175070.0,177182.0,167528.0,61,42.0,41.0,42.0,44.0,28336,30138.0,26366.0,26848.0,26647.0
2022-07-22,104.62798309326172,167.79649353027344,17.27105140686035,272.24334716796875,57,10,36,43,62585,23796,168280,29474,13.403227570771726,9.878189385602877,2.774748131229887,1.602481466202943,57,40.0,36.0,37.0,38.0,62585,64453.0,51980.0,49878.0,59738.0,10,6.0,6.0,7.0,6.0,23796,18711.0,17596.0,17575.0,16802.0,36,36.0,35.0,36.0,39.0,168280,158523.0,167065.0,175070.0,177182.0,43,61.0,42.0,41.0,42.0,29474,28336.0,30138.0,26366.0,26848.0
2022-07-29,105.1750259399414,157.7150115966797,18.11271858215332,297.1499938964844,41,9,43,40,61703,35917,174460,73702,9.14867047720682,4.873282786701938,-6.008160076226432,0.52284563890721,41,57.0,40.0,36.0,37.0,61703,62585.0,64453.0,51980.0,49878.0,9,10.0,6.0,6.0,7.0,35917,23796.0,18711.0,17596.0,17575.0,43,36.0,36.0,35.0,36.0,174460,168280.0,158523.0,167065.0,175070.0,40,43.0,61.0,42.0,41.0,73702,29474.0,28336.0,30138.0,26366.0
2022-08-05,105.53971862792967,165.65528869628906,18.936426162719727,288.1700134277344,52,8,36,41,58945,31581,168257,47375,-3.0220362285715785,4.547675031941445,5.0345728153733615,0.34674836989962987,52,41.0,57.0,40.0,36.0,58945,61703.0,62585.0,64453.0,51980.0,8,9.0,10.0,6.0,6.0,31581,35917.0,23796.0,18711.0,17596.0,36,43.0,36.0,36.0,35.0,168257,174460.0,168280.0,158523.0,167065.0,41,40.0,43.0,61.0,42.0,47375,73702.0,29474.0,28336.0,30138.0
2022-08-12,111.34729766845705,178.9287109375,18.657203674316406,300.0299987792969,48,11,37,40,59007,24575,158225,30075,4.115620917835949,-1.4745257949096424,8.012676411162655,5.502742584525411,48,52.0,41.0,57.0,40.0,59007,58945.0,61703.0,62585.0,64453.0,11,8.0,9.0,10.0,6.0,24575,31581.0,35917.0,23796.0,18711.0,37,36.0,43.0,36.0,36.0,158225,168257.0,174460.0,168280.0,158523.0,40,41.0,40.0,43.0,61.0,30075,47375.0,73702.0,29474.0,28336.0
2022-08-19,108.1562957763672,166.4978790283203,17.79958724975586,296.6666564941406,41,7,36,43,57766,19363,162195,30284,-1.1210019994135068,-4.596703983786943,-6.94736571009098,-2.8658099108891166,41,48.0,52.0,41.0,57.0,57766,59007.0,58945.0,61703.0,62585.0,7,11.0,8.0,9.0,10.0,19363,24575.0,31581.0,35917.0,23796.0,36,37.0,36.0,43.0,36.0,162195,158225.0,168257.0,174460.0,168280.0,43,40.0,41.0,40.0,43.0,30284,30075.0,47375.0,73702.0,29474.0
2022-08-26,104.54592895507812,160.3717041015625,16.214984893798828,288.0899963378906,50,11,39,39,59449,18874,170901,28297,-2.891009140563594,-8.90246685904903,-3.6794312110821514,-3.338101397956683,50,41.0,48.0,52.0,41.0,59449,57766.0,59007.0,58945.0,61703.0,11,7.0,11.0,8.0,9.0,18874,19363.0,24575.0,31581.0,35917.0,39,36.0,37.0,36.0,43.0,170901,162195.0,158225.0,168257.0,174460.0,39,43.0,40.0,41.0,40.0,28297,30284.0,30075.0,47375.0,73702.0
2022-09-02,103.6707000732422,158.92440795898438,13.609217643737791,270.2099914550781,34,11,37,36,58855,25324,171622,26902,-6.206395609044913,-16.070118271017154,-0.9024635303878537,-0.8371716532472484,34,50.0,41.0,48.0,52.0,58855,59449.0,57766.0,59007.0,58945.0,11,11.0,7.0,11.0,8.0,25324,18874.0,19363.0,24575.0,31581.0,37,39.0,36.0,37.0,36.0,171622,170901.0,162195.0,158225.0,168257.0,36,39.0,43.0,40.0,41.0,26902,28297.0,30284.0,30075.0,47375.0
2022-09-09,108.64862823486328,167.67750549316406,14.351431846618652,299.67999267578125,32,6,36,35,57771,20217,165624,30846,10.906332908715722,5.453760989871359,5.507711273927618,4.801673142077978,32,34.0,50.0,41.0,48.0,57771,58855.0,59449.0,57766.0,59007.0,6,11.0,11.0,7.0,11.0,20217,25324.0,18874.0,19363.0,24575.0,36,37.0,39.0,36.0,37.0,165624,171622.0,170901.0,162195.0,158225.0,35,36.0,39.0,43.0,40.0,30846,26902.0,28297.0,30284.0,30075.0
2022-09-16,106.74315643310548,145.01654052734375,13.16537094116211,303.3500061035156,37,7,37,41,59228,21089,142150,29155,1.2246441262112828,-8.264408165907088,-13.514612409798854,-1.7537927838709444,37,32.0,34.0,50.0,41.0,59228,57771.0,58855.0,59449.0,57766.0,7,6.0,11.0,11.0,7.0,21089,20217.0,25324.0,18874.0,19363.0,37,36.0,37.0,39.0,36.0,142150,165624.0,171622.0,170901.0,162195.0,41,35.0,36.0,39.0,43.0,29155,30846.0,26902.0,28297.0,30284.0
2022-09-23,99.50416564941406,139.18771362304688,12.485054969787598,275.3299865722656,35,8,39,41,67606,40796,154199,29052,-9.23686137052142,-5.167465272455596,-4.019422117712024,-6.78169076649705,35,37.0,32.0,34.0,50.0,67606,59228.0,57771.0,58855.0,59449.0,8,7.0,6.0,11.0,11.0,40796,21089.0,20217.0,25324.0,18874.0,39,37.0,36.0,37.0,39.0,154199,142150.0,165624.0,171622.0,170901.0,41,41.0,35.0,36.0,39.0,29052,29155.0,30846.0,26902.0,28297.0
2022-09-30,95.2738265991211,134.49887084960938,12.108988761901855,265.25,34,6,41,41,67462,30262,68502,29692,-3.6610565735163525,-3.012130974158944,-3.3687188699255355,-4.251419046311932,34,35.0,37.0,32.0,34.0,67462,67606.0,59228.0,57771.0,58855.0,6,8.0,7.0,6.0,11.0,30262,40796.0,21089.0,20217.0,25324.0,41,39.0,37.0,36.0,37.0,68502,154199.0,142150.0,165624.0,171622.0,41,41.0,41.0,35.0,36.0,29692,29052.0,29155.0,30846.0,26902.0
2022-10-07,97.48763275146484,132.2882843017578,12.04614543914795,223.07000732421875,49,6,40,39,74724,23735,66245,29033,-15.901976503593307,-0.5189807670119229,-1.643572569708296,2.3236246840999453,49,34.0,35.0,37.0,32.0,74724,67462.0,67606.0,59228.0,57771.0,6,6.0,8.0,7.0,6.0,23735,30262.0,40796.0,21089.0,20217.0,40,41.0,39.0,37.0,36.0,66245,68502.0,154199.0,142150.0,165624.0,39,41.0,41.0,41.0,35.0,29033,29692.0,29052.0,29155.0,30846.0
2022-10-14,102.28015899658205,125.65653228759766,11.199246406555176,204.9900054931641,38,7,46,52,69937,25059,55551,37295,-8.105079677868332,-7.0304566458287425,-5.013106072970697,4.9160351009191805,38,49.0,34.0,35.0,37.0,69937,74724.0,67462.0,67606.0,59228.0,7,6.0,6.0,8.0,7.0,25059,23735.0,30262.0,40796.0,21089.0,46,40.0,41.0,39.0,37.0,55551,66245.0,68502.0,154199.0,142150.0,52,39.0,41.0,41.0,41.0,37295,29033.0,29692.0,29052.0,29155.0
2022-10-21,112.43550872802734,128.8782501220703,12.4351806640625,214.44000244140625,55,6,42,42,74551,23155,56754,36732,4.609979362412031,11.03586984909899,2.5639079607090443,9.928953798150308,55,38.0,49.0,34.0,35.0,74551,69937.0,74724.0,67462.0,67606.0,6,7.0,6.0,6.0,8.0,23155,25059.0,23735.0,30262.0,40796.0,42,46.0,40.0,41.0,39.0,56754,55551.0,66245.0,68502.0,154199.0,42,52.0,39.0,41.0,41.0,36732,37295.0,29033.0,29692.0,29052.0
2022-10-28,115.97699737548828,98.33645629882812,13.799798965454102,228.5200042724609,42,6,67,41,94385,21341,85238,33010,6.565939969573487,10.973851834218461,-23.698175444121684,3.149795547265688,42,55.0,38.0,49.0,34.0,94385,74551.0,69937.0,74724.0,67462.0,6,6.0,7.0,6.0,6.0,21341,23155.0,25059.0,23735.0,30262.0,67,42.0,46.0,40.0,41.0,85238,56754.0,55551.0,66245.0,68502.0,41,42.0,52.0,39.0,41.0,33010,36732.0,37295.0,29033.0,29692.0
2022-11-04,120.2083740234375,89.99967193603516,14.121004104614258,207.47000122070312,33,6,54,47,122249,23659,87864,29724,-9.21144873892974,2.327607380109309,-8.477816545939854,3.648461974101358,33,42.0,55.0,38.0,49.0,122249,94385.0,74551.0,69937.0,74724.0,6,6.0,6.0,7.0,6.0,23659,21341.0,23155.0,25059.0,23735.0,54,67.0,42.0,46.0,40.0,87864,85238.0,56754.0,55551.0,66245.0,47,41.0,42.0,52.0,39.0,29724,33010.0,36732.0,37295.0,29033.0
2022-11-11,124.45819854736328,112.03614807128906,16.28663444519043,195.97000122070312,51,7,71,41,121209,26595,138546,26078,-5.542970035348138,15.336234764413948,24.485062735468354,3.5353814228426206,51,33.0,42.0,55.0,38.0,121209,122249.0,94385.0,74551.0,69937.0,7,6.0,6.0,6.0,7.0,26595,23659.0,21341.0,23155.0,25059.0,71,54.0,67.0,42.0,46.0,138546,87864.0,85238.0,56754.0,55551.0,41,47.0,41.0,42.0,52.0,26078,29724.0,33010.0,36732.0,37295.0
2022-11-18,123.11518096923828,111.07460021972656,15.370906829833984,180.19000244140625,37,11,48,46,129223,25683,82552,27030,-8.052252222790624,-5.622571185214187,-0.8582478674210248,-1.0790912883203219,37,51.0,33.0,42.0,55.0,129223,121209.0,122249.0,94385.0,74551.0,11,7.0,6.0,6.0,6.0,25683,26595.0,23659.0,21341.0,23155.0,48,71.0,54.0,67.0,42.0,82552,138546.0,87864.0,85238.0,56754.0,46,41.0,47.0,41.0,42.0,27030,26078.0,29724.0,33010.0,36732.0
2022-11-25,125.78279876708984,110.44017028808594,16.229778289794922,182.8600006103516,36,4,43,32,137926,22851,63909,26368,1.4817682073196892,5.587643393257191,-0.5711746253289296,2.1667659315857124,36,37.0,51.0,33.0,42.0,137926,129223.0,121209.0,122249.0,94385.0,4,11.0,7.0,6.0,6.0,22851,25683.0,26595.0,23659.0,21341.0,43,48.0,71.0,54.0,67.0,63909,82552.0,138546.0,87864.0,85238.0,32,46.0,41.0,47.0,41.0,26368,27030.0,26078.0,29724.0,33010.0
2022-12-02,124.32939910888672,122.41500091552734,16.838586807250977,194.8600006103516,35,5,39,39,142935,20340,61239,25741,6.562397440635626,3.7511819729470153,10.842821589467633,-1.1554836372295707,35,36.0,37.0,51.0,33.0,142935,137926.0,129223.0,121209.0,122249.0,5,4.0,11.0,7.0,6.0,20340,22851.0,25683.0,26595.0,23659.0,39,43.0,48.0,71.0,54.0,61239,63909.0,82552.0,138546.0,87864.0,39,32.0,46.0,41.0,47.0,25741,26368.0,27030.0,26078.0,29724.0
2022-12-09,121.56981658935548,114.89107513427734,16.96330451965332,179.0500030517578,34,4,43,37,71603,18054,51856,23751,-8.113516118789288,0.7406661487093347,-6.146244925033251,-2.2195735998968513,34,35.0,36.0,37.0,51.0,71603,142935.0,137926.0,129223.0,121209.0,4,5.0,4.0,11.0,7.0,18054,20340.0,22851.0,25683.0,26595.0,43,39.0,43.0,48.0,71.0,51856,61239.0,63909.0,82552.0,138546.0,37,39.0,32.0,46.0,41.0,23751,25741.0,26368.0,27030.0,26078.0
2022-12-16,118.92977142333984,118.39034271240234,16.53426170349121,150.22999572753906,56,6,42,37,75196,17572,45813,22915,-16.096066368615347,-2.5292407836281505,3.0457262011303055,-2.1716288138636575,56,34.0,35.0,36.0,37.0,75196,71603.0,142935.0,137926.0,129223.0,6,4.0,5.0,4.0,11.0,17572,18054.0,20340.0,22851.0,25683.0,42,43.0,39.0,43.0,48.0,45813,51856.0,61239.0,63909.0,82552.0,37,37.0,39.0,32.0,46.0,22915,23751.0,25741.0,26368.0,27030.0
2022-12-23,120.76033020019533,117.012451171875,15.172287940979004,123.1500015258789,81,5,42,35,78115,16282,43816,21101,-18.025690588964082,-8.23728199623589,-1.1638546767911317,1.5391930506108986,81,56.0,34.0,35.0,36.0,78115,75196.0,71603.0,142935.0,137926.0,5,6.0,4.0,5.0,4.0,16282,17572.0,18054.0,20340.0,22851.0,42,42.0,43.0,39.0,43.0,43816,45813.0,51856.0,61239.0,63909.0,35,37.0,37.0,39.0,32.0,21101,22915.0,23751.0,25741.0,26368.0
2022-12-30,123.35433959960938,119.2924346923828,14.581599235534668,123.18000030517578,86,4,50,32,66447,16309,97763,20016,0.02435954439721222,-3.8932078519874236,1.9484965041530744,2.14806418226392,86,81.0,56.0,34.0,35.0,66447,78115.0,75196.0,71603.0,142935.0,4,5.0,6.0,4.0,5.0,16309,16282.0,17572.0,18054.0,20340.0,50,42.0,42.0,43.0,39.0,97763,43816.0,45813.0,51856.0,61239.0,32,35.0,37.0,37.0,39.0,20016,21101.0,22915.0,23751.0,25741.0
2023-01-06,127.82390594482422,128.88815307617188,14.826056480407717,113.05999755859376,75,4,42,40,68003,17697,118620,25837,-8.215621628113269,1.6764775997773818,8.04386163174,3.623355578508569,75,86.0,81.0,56.0,34.0,68003,66447.0,78115.0,75196.0,71603.0,4,4.0,5.0,6.0,4.0,17697,16309.0,16282.0,17572.0,18054.0,42,50.0,42.0,42.0,43.0,118620,97763.0,43816.0,45813.0,51856.0,40,32.0,35.0,37.0,37.0,25837,20016.0,21101.0,22915.0,23751.0
2023-01-13,132.52206420898438,135.78756713867188,16.861534118652344,122.4000015258789,56,5,41,71,62711,16383,144721,29609,8.261103988123342,13.729056279628127,5.3530242290170005,3.6754926470390803,56,75.0,86.0,81.0,56.0,62711,68003.0,66447.0,78115.0,75196.0,5,4.0,4.0,5.0,6.0,16383,17697.0,16309.0,16282.0,17572.0,41,42.0,50.0,42.0,42.0,144721,118620.0,97763.0,43816.0,45813.0,71,40.0,32.0,35.0,37.0,29609,25837.0,20016.0,21101.0,22915.0
2023-01-20,125.17366790771484,138.15676879882812,17.79945182800293,133.4199981689453,46,5,40,41,77936,17060,147697,28256,9.003265119025716,5.562469599447972,1.7447854100933524,-5.545036100314038,46,56.0,75.0,86.0,81.0,77936,62711.0,68003.0,66447.0,78115.0,5,5.0,4.0,4.0,5.0,17060,16383.0,17697.0,16309.0,16282.0,40,41.0,42.0,50.0,42.0,147697,144721.0,118620.0,97763.0,43816.0,41,71.0,40.0,32.0,35.0,28256,29609.0,25837.0,20016.0,21101.0
2023-01-27,130.02940368652344,150.41908264160156,20.319849014282227,177.89999389648438,83,9,43,41,84148,19979,149908,25832,33.33832734071509,14.159970827382962,8.87565187676671,3.8791990839387447,83,46.0,56.0,75.0,86.0,84148,77936.0,62711.0,68003.0,66447.0,9,5.0,5.0,4.0,4.0,19979,17060.0,16383.0,17697.0,16309.0,43,40.0,41.0,42.0,50.0,149908,147697.0,144721.0,118620.0,97763.0,41,41.0,71.0,40.0,32.0,25832,28256.0,29609.0,25837.0,20016.0
2023-02-03,130.74288940429688,184.90621948242188,21.0532169342041,189.97999572753903,68,9,56,44,78990,19403,151158,25552,6.790332909220731,3.609120911313912,22.927368147159655,0.5487110588413557,68,83.0,46.0,56.0,75.0,78990,84148.0,77936.0,62711.0,68003.0,9,9.0,5.0,5.0,4.0,19403,19979.0,17060.0,16383.0,17697.0,56,43.0,40.0,41.0,42.0,151158,149908.0,147697.0,144721.0,118620.0,44,41.0,41.0,71.0,40.0,25552,25832.0,28256.0,29609.0,25837.0
2023-02-10,130.69654846191406,172.63400268554688,21.21785545349121,196.88999938964844,59,9,44,40,75653,20372,146790,27258,3.637226980476105,0.7820112232806986,-6.636995137982183,-0.03544433092610433,59,68.0,83.0,46.0,56.0,75653,78990.0,84148.0,77936.0,62711.0,9,9.0,9.0,5.0,5.0,20372,19403.0,19979.0,17060.0,16383.0,44,56.0,43.0,40.0,41.0,146790,151158.0,149908.0,147697.0,144721.0,40,44.0,41.0,41.0,71.0,27258,25552.0,25832.0,28256.0,29609.0
2023-02-17,131.80853271484375,171.3750762939453,21.340585708618164,208.30999755859372,58,8,44,39,72999,19634,147828,27005,5.80019208915985,0.5784291225660043,-0.7292459029028642,0.850813786604121,58,59.0,68.0,83.0,46.0,72999,75653.0,78990.0,84148.0,77936.0,8,9.0,9.0,9.0,5.0,19634,20372.0,19403.0,19979.0,17060.0,44,44.0,56.0,43.0,40.0,147828,146790.0,151158.0,149908.0,147697.0,39,40.0,44.0,41.0,41.0,27005,27258.0,25552.0,25832.0,28256.0
2023-02-24,130.59458923339844,168.90675354003906,23.234373092651367,196.8800048828125,43,13,44,36,73458,24113,143136,25929,-5.487011093918415,8.874111563247379,-1.4403043938971294,-0.9209900576555019,43,58.0,59.0,68.0,83.0,73458,72999.0,75653.0,78990.0,84148.0,13,8.0,9.0,9.0,9.0,24113,19634.0,20372.0,19403.0,19979.0,44,44.0,44.0,56.0,43.0,143136,147828.0,146790.0,151158.0,149908.0,36,39.0,40.0,44.0,41.0,25929,27005.0,27258.0,25552.0,25832.0
2023-03-03,133.1244354248047,183.6373748779297,23.837032318115234,197.7899932861328,57,9,45,38,79998,23499,147092,24524,0.46220458185277646,2.5938260656340972,8.72115592133429,1.937175350262721,57,43.0,58.0,59.0,68.0,79998,73458.0,72999.0,75653.0,78990.0,9,13.0,8.0,9.0,9.0,23499,24113.0,19634.0,20372.0,19403.0,45,44.0,44.0,44.0,56.0,147092,143136.0,147828.0,146790.0,151158.0,38,36.0,39.0,40.0,44.0,24524,25929.0,27005.0,27258.0,25552.0
2023-03-10,123.84849548339844,177.9473419189453,22.917978286743164,173.44000244140625,46,8,46,58,84133,25362,155892,27366,-12.31103274749631,-3.8555723678472487,-3.0985157366613114,-6.967871759836131,46,57.0,43.0,58.0,59.0,84133,79998.0,73458.0,72999.0,75653.0,8,9.0,13.0,8.0,9.0,25362,23499.0,24113.0,19634.0,20372.0,46,45.0,44.0,44.0,44.0,155892,147092.0,143136.0,147828.0,146790.0,58,38.0,36.0,39.0,40.0,27366,24524.0,25929.0,27005.0,27258.0
2023-03-17,116.58346557617188,193.9071807861328,25.672325134277344,180.1300048828125,36,9,49,100,67457,24233,173720,86870,3.857243050758341,12.01828020374478,8.968854884304589,-5.866062303680075,36,46.0,57.0,43.0,58.0,67457,84133.0,79998.0,73458.0,72999.0,9,8.0,9.0,13.0,8.0,24233,25362.0,23499.0,24113.0,19634.0,49,46.0,45.0,44.0,44.0,173720,155892.0,147092.0,143136.0,147828.0,100,58.0,38.0,36.0,39.0,86870,27366.0,24524.0,25929.0,27005.0
2023-03-24,115.74949645996094,204.21665954589844,26.724170684814453,190.41000366210935,38,12,45,66,61324,30676,148941,54087,5.706988564167714,4.097196280568682,5.3167080857806415,-0.7153408179190301,38,36.0,46.0,57.0,43.0,61324,67457.0,84133.0,79998.0,73458.0,12,9.0,8.0,9.0,13.0,30676,24233.0,25362.0,23499.0,24113.0,45,49.0,46.0,45.0,44.0,148941,173720.0,155892.0,147092.0,143136.0,66,100.0,58.0,38.0,36.0,54087,86870.0,27366.0,24524.0,25929.0
2023-03-31,120.75347137451172,210.0950469970703,27.720123291015625,207.4600067138672,34,9,45,49,68703,27731,152908,34560,8.954363071182847,3.726785829754875,2.8785053404767336,4.323107285638783,34,38.0,36.0,46.0,57.0,68703,61324.0,67457.0,84133.0,79998.0,9,12.0,9.0,8.0,9.0,27731,30676.0,24233.0,25362.0,23499.0,45,45.0,49.0,46.0,45.0,152908,148941.0,173720.0,155892.0,147092.0,49,66.0,100.0,58.0,38.0,34560,54087.0,86870.0,27366.0,24524.0
2023-04-07,119.04875946044922,214.2188415527344,26.98164176940918,185.05999755859372,37,8,43,43,61862,21624,141774,30044,-10.797266186425992,-2.6640629042432695,1.9628233100238646,-1.411729116072702,37,34.0,38.0,36.0,46.0,61862,68703.0,61324.0,67457.0,84133.0,8,9.0,12.0,9.0,8.0,21624,27731.0,30676.0,24233.0,25362.0,43,45.0,45.0,49.0,46.0,141774,152908.0,148941.0,173720.0,155892.0,43,49.0,66.0,100.0,58.0,30044,34560.0,54087.0,86870.0,27366.0
2023-04-14,129.56488037109375,219.5618896484375,26.70321083068848,185.0,35,9,42,67,54066,22053,140898,29386,-0.032420598392546296,-1.0319273419320818,2.494200816779135,8.833456945125274,35,37.0,34.0,38.0,36.0,54066,61862.0,68703.0,61324.0,67457.0,9,8.0,9.0,12.0,9.0,22053,21624.0,27731.0,30676.0,24233.0,42,43.0,45.0,45.0,49.0,140898,141774.0,152908.0,148941.0,173720.0,67,43.0,49.0,66.0,100.0,29386,30044.0,34560.0,54087.0,86870.0
2023-04-21,131.2552947998047,211.03677368164065,27.06347274780273,165.0800018310547,55,9,47,49,72172,21227,139273,29173,-10.767566577808275,1.3491333285666984,-3.8827849315959395,1.3046856708927024,55,35.0,37.0,34.0,38.0,72172,54066.0,61862.0,68703.0,61324.0,9,9.0,8.0,9.0,12.0,21227,22053.0,21624.0,27731.0,30676.0,47,42.0,43.0,45.0,45.0,139273,140898.0,141774.0,152908.0,148941.0,49,67.0,43.0,49.0,66.0,29173,29386.0,30044.0,34560.0,54087.0
2023-04-28,129.1072235107422,238.2279815673828,27.69217872619629,164.30999755859375,39,8,49,43,77764,23173,142181,24446,-0.46644309663200767,2.3230794667495225,12.88458282003564,-1.6365597230487472,39,55.0,35.0,37.0,34.0,77764,72172.0,54066.0,61862.0,68703.0,8,9.0,9.0,8.0,9.0,23173,21227.0,22053.0,21624.0,27731.0,49,47.0,42.0,43.0,45.0,142181,139273.0,140898.0,141774.0,152908.0,43,49.0,67.0,43.0,49.0,24446,29173.0,29386.0,30044.0,34560.0
2023-05-05,127.7063446044922,230.7536163330078,28.62127685546875,170.05999755859375,31,9,43,75,73901,20588,139532,68118,3.4994827371654713,3.3550922029603747,-3.1374841801532383,-1.0850507571587786,31,39.0,55.0,35.0,37.0,73901,77764.0,72172.0,54066.0,61862.0,9,8.0,9.0,9.0,8.0,20588,23173.0,21227.0,22053.0,21624.0,43,49.0,47.0,42.0,43.0,139532,142181.0,139273.0,140898.0,141774.0,75,43.0,49.0,67.0,43.0,68118,24446.0,29173.0,29386.0,30044.0
2023-05-12,125.2407455444336,231.774658203125,28.281970977783203,167.97999572753906,33,8,40,44,73001,20574,131769,29464,-1.2230988244828267,-1.185502238069136,0.44248141647482697,-1.9306785952527217,33,31.0,39.0,55.0,35.0,73001,73901.0,77764.0,72172.0,54066.0,8,9.0,8.0,9.0,9.0,20574,20588.0,23173.0,21227.0,22053.0,40,43.0,49.0,47.0,42.0,131769,139532.0,142181.0,139273.0,140898.0,44,75.0,43.0,49.0,67.0,29464,68118.0,24446.0,29173.0,29386.0
2023-05-19,129.98513793945312,243.50167846679688,31.199987411499023,180.13999938964844,34,11,41,38,74418,25871,128244,25645,7.238959382897425,10.317585135802787,5.059664570142286,3.7882179432860985,34,33.0,31.0,39.0,55.0,74418,73001.0,73901.0,77764.0,72172.0,11,8.0,9.0,8.0,9.0,25871,20574.0,20588.0,23173.0,21227.0,41,40.0,43.0,49.0,47.0,128244,131769.0,139532.0,142181.0,139273.0,38,44.0,75.0,43.0,49.0,25645,29464.0,68118.0,24446.0,29173.0
2023-05-26,127.89312744140624,259.7589416503906,38.86624526977539,193.1699981689453,39,36,47,42,72096,72538,131821,24220,7.233262364519377,24.57134920333621,6.676448099231691,-1.6094228395721277,39,34.0,33.0,31.0,39.0,72096,74418.0,73001.0,73901.0,77764.0,36,11.0,8.0,9.0,8.0,72538,25871.0,20574.0,20588.0,23173.0,47,41.0,40.0,43.0,49.0,131821,128244.0,131769.0,139532.0,142181.0,42,38.0,44.0,75.0,43.0,24220,25645.0,29464.0,68118.0,24446.0
2023-06-02,131.18994140625,270.23687744140625,39.24648284912109,213.97000122070312,39,25,43,42,71149,144787,123823,26322,10.7677192363828,0.9783234184481238,4.033715153150674,2.5777882133300567,39,39.0,34.0,33.0,31.0,71149,72096.0,74418.0,73001.0,73901.0,25,36.0,11.0,8.0,9.0,144787,72538.0,25871.0,20574.0,20588.0,43,47.0,41.0,40.0,43.0,123823,131821.0,128244.0,131769.0,139532.0,42,42.0,38.0,44.0,75.0,26322,24220.0,25645.0,29464.0,68118.0
2023-06-09,131.6942596435547,262.6435852050781,38.69462203979492,244.3999938964844,58,16,49,41,79530,53740,123996,26440,14.221616349103883,-1.4061408036173173,-2.8098652960399595,0.3844183722462313,58,39.0,39.0,34.0,33.0,79530,71149.0,72096.0,74418.0,73001.0,16,25.0,36.0,11.0,8.0,53740,144787.0,72538.0,25871.0,20574.0,49,43.0,47.0,41.0,40.0,123996,123823.0,131821.0,128244.0,131769.0,41,42.0,42.0,38.0,44.0,26440,26322.0,24220.0,25645.0,29464.0
2023-06-16,133.7955780029297,278.5538024902344,42.60898971557617,260.5400085449219,60,19,51,42,73478,40440,124034,27656,6.603934145462209,10.11605093791994,6.057721635475377,1.595603608739249,60,58.0,39.0,39.0,34.0,73478,79530.0,71149.0,72096.0,74418.0,19,16.0,25.0,36.0,11.0,40440,53740.0,144787.0,72538.0,25871.0,51,49.0,43.0,47.0,41.0,124034,123996.0,123823.0,131821.0,128244.0,42,41.0,42.0,42.0,38.0,27656,26440.0,26322.0,24220.0,25645.0
2023-06-23,129.67697143554688,286.21661376953125,42.12693405151367,256.6000061035156,54,14,45,38,78848,32824,126525,28641,-1.5122446887948615,-1.131347321962617,2.7509268266282305,-3.078283026134565,54,60.0,58.0,39.0,39.0,78848,73478.0,79530.0,71149.0,72096.0,14,19.0,16.0,25.0,36.0,32824,40440.0,53740.0,144787.0,72538.0,45,51.0,49.0,43.0,47.0,126525,124034.0,123996.0,123823.0,131821.0,38,42.0,41.0,42.0,42.0,28641,27656.0,26440.0,26322.0,24220.0
2023-06-30,135.8315887451172,284.4818420410156,42.219757080078125,261.7699890136719,47,16,47,42,67018,30285,111531,32913,2.0148023332745346,0.22034128676666764,-0.606104483477854,4.7461143188629595,47,54.0,60.0,58.0,39.0,67018,78848.0,73478.0,79530.0,71149.0,16,14.0,19.0,16.0,25.0,30285,32824.0,40440.0,53740.0,144787.0,47,45.0,51.0,49.0,43.0,111531,126525.0,124034.0,123996.0,123823.0,42,38.0,42.0,41.0,42.0,32913,28641.0,27656.0,26440.0,26322.0
2023-07-07,135.73001098632812,288.0008850097656,42.42035675048828,274.42999267578125,52,10,78,43,78013,33335,155437,34133,4.836308283394608,0.47513222311932335,1.2370009078620292,-0.0747821325860154,52,47.0,54.0,60.0,58.0,78013,67018.0,78848.0,73478.0,79530.0,10,16.0,14.0,19.0,16.0,33335,30285.0,32824.0,40440.0,53740.0,78,47.0,45.0,51.0,49.0,155437,111531.0,126525.0,124034.0,123996.0,43,42.0,38.0,42.0,41.0,34133,32913.0,28641.0,27656.0,26440.0
2023-07-14,140.8361358642578,306.18121337890625,45.38059616088867,281.3800048828125,45,15,58,68,91419,33896,152308,33943,2.5325264703272232,6.97834633454919,6.31259461877145,3.761971903504824,45,52.0,47.0,54.0,60.0,91419,78013.0,67018.0,78848.0,73478.0,15,10.0,16.0,14.0,19.0,33896,33335.0,30285.0,32824.0,40440.0,58,78.0,47.0,45.0,51.0,152308,155437.0,111531.0,126525.0,124034.0,68,43.0,42.0,38.0,42.0,33943,34133.0,32913.0,28641.0,27656.0
2023-07-21,145.7071533203125,291.6984558105469,44.22285079956055,260.0199890136719,73,16,48,49,92176,34617,119038,30435,-7.591163372833309,-2.551190286755045,-4.730126126463752,3.458641793999173,73,45.0,52.0,47.0,54.0,92176,91419.0,78013.0,67018.0,78848.0,16,15.0,10.0,16.0,14.0,34617,33896.0,33335.0,30285.0,32824.0,48,58.0,78.0,47.0,45.0,119038,152308.0,155437.0,111531.0,126525.0,49,68.0,43.0,42.0,38.0,30435,33943.0,34133.0,32913.0,28641.0
2023-07-28,147.5502471923828,322.6466979980469,46.65910339355469,266.44000244140625,49,14,58,47,100691,33004,124620,27639,2.4690461114498463,5.5090356002520435,10.609669530647214,1.2649302591332567,49,73.0,45.0,52.0,47.0,100691,92176.0,91419.0,78013.0,67018.0,14,16.0,15.0,10.0,16.0,33004,34617.0,33896.0,33335.0,30285.0,58,48.0,58.0,78.0,47.0,124620,119038.0,152308.0,155437.0,111531.0,47,49.0,68.0,43.0,42.0,27639,30435.0,33943.0,34133.0,32913.0
2023-08-04,146.7133331298828,308.02508544921875,44.59313201904297,253.8600006103516,39,13,52,41,103373,33645,115225,28537,-4.721513930259469,-4.427799130827504,-4.531771947319497,-0.5672061405690432,39,49.0,73.0,45.0,52.0,103373,100691.0,92176.0,91419.0,78013.0,13,14.0,16.0,15.0,10.0,33645,33004.0,34617.0,33896.0,33335.0,52,58.0,48.0,58.0,78.0,115225,124620.0,119038.0,152308.0,155437.0,41,47.0,49.0,68.0,43.0,28537,27639.0,30435.0,33943.0,34133.0
2023-08-11,145.23696899414062,299.01422119140625,40.77555847167969,242.6499938964844,37,13,48,40,86828,35816,111767,29235,-4.415822377261147,-8.560900242963498,-2.925367018296965,-1.0062917283974349,37,39.0,49.0,73.0,45.0,86828,103373.0,100691.0,92176.0,91419.0,13,13.0,14.0,16.0,15.0,35816,33645.0,33004.0,34617.0,33896.0,48,52.0,58.0,48.0,58.0,111767,115225.0,124620.0,119038.0,152308.0,40,41.0,47.0,49.0,68.0,29235,28537.0,27639.0,30435.0,33943.0
2023-08-18,140.0838623046875,280.78424072265625,43.21481323242188,215.4900054931641,38,17,47,45,83471,37184,105338,28157,-11.19307194992426,5.982149238829826,-6.096693460302194,-3.5480681848028772,38,37.0,39.0,49.0,73.0,83471,86828.0,103373.0,100691.0,92176.0,17,13.0,13.0,14.0,16.0,37184,35816.0,33645.0,33004.0,34617.0,47,48.0,52.0,58.0,48.0,105338,111767.0,115225.0,124620.0,119038.0,45,40.0,41.0,47.0,49.0,28157,29235.0,28537.0,27639.0,30435.0
2023-08-25,138.2783966064453,283.0146484375,45.92852783203125,238.58999633789065,40,46,48,40,89192,73001,104928,26770,10.719750455182652,6.279593492662383,0.7943493228477871,-1.288846315727099,40,38.0,37.0,39.0,49.0,89192,83471.0,86828.0,103373.0,100691.0,46,17.0,13.0,13.0,14.0,73001,37184.0,35816.0,33645.0,33004.0,48,47.0,48.0,52.0,58.0,104928,105338.0,111767.0,115225.0,124620.0,40,45.0,40.0,41.0,47.0,26770,28157.0,29235.0,28537.0,27639.0
2023-09-01,138.06210327148438,293.7999572753906,48.414676666259766,245.00999450683597,42,21,46,39,80275,48655,102631,26903,2.690807773790027,5.41308191571217,3.8108659383658816,-0.15641874672334133,42,40.0,38.0,37.0,39.0,80275,89192.0,83471.0,86828.0,103373.0,21,46.0,17.0,13.0,13.0,48655,73001.0,37184.0,35816.0,33645.0,46,48.0,47.0,48.0,52.0,102631,104928.0,105338.0,111767.0,115225.0,39,40.0,45.0,40.0,41.0,26903,26770.0,28157.0,29235.0,28537.0
2023-09-08,135.25047302246094,295.2968139648437,45.48714828491211,248.5,32,13,42,36,91921,57568,102825,28212,1.4244339298030706,-6.04677875167522,0.5094815885388293,-2.036496752113548,32,42.0,40.0,38.0,37.0,91921,80275.0,89192.0,83471.0,86828.0,13,21.0,46.0,17.0,13.0,57568,48655.0,73001.0,37184.0,35816.0,42,46.0,48.0,47.0,48.0,102825,102631.0,104928.0,105338.0,111767.0,36,39.0,40.0,45.0,40.0,28212,26903.0,26770.0,28157.0,29235.0
2023-09-15,139.93338012695312,297.69580078125,43.8182487487793,274.3900146484375,47,13,44,37,80899,54537,100453,28877,10.418516961141844,-3.6689473819715768,0.8123984760268765,3.4623961009840665,47,32.0,42.0,40.0,38.0,80899,91921.0,80275.0,89192.0,83471.0,13,13.0,21.0,46.0,17.0,54537,57568.0,48655.0,73001.0,37184.0,44,42.0,46.0,48.0,47.0,100453,102825.0,102631.0,104928.0,105338.0,37,36.0,39.0,40.0,45.0,28877,28212.0,26903.0,26770.0,28157.0
2023-09-22,137.03712463378906,296.4764709472656,41.53252029418945,244.8800048828125,36,13,45,37,90397,40045,160351,28827,-10.754768100229429,-5.216384770862215,-0.4095891950052555,-2.069738821813971,36,47.0,32.0,42.0,40.0,90397,80899.0,91921.0,80275.0,89192.0,13,13.0,13.0,21.0,46.0,40045,54537.0,57568.0,48655.0,73001.0,45,44.0,42.0,46.0,48.0,160351,100453.0,102825.0,102631.0,104928.0,37,37.0,36.0,39.0,40.0,28827,28877.0,28212.0,26903.0,26770.0
2023-09-29,136.3694610595703,297.5966491699219,43.41799545288086,250.22000122070312,34,12,56,41,78831,39075,103472,30459,2.1806583761079468,4.539756184637778,0.37783039547023556,-0.4872136481285483,34,36.0,47.0,32.0,42.0,78831,90397.0,80899.0,91921.0,80275.0,12,13.0,13.0,13.0,21.0,39075,40045.0,54537.0,57568.0,48655.0,56,45.0,44.0,42.0,46.0,103472,160351.0,100453.0,102825.0,102631.0,41,37.0,37.0,36.0,39.0,30459,28827.0,28877.0,28212.0,26903.0
2023-10-06,137.45150756835938,312.68414306640625,45.6767807006836,260.5299987792969,36,12,51,44,95760,36528,99581,30172,4.120373075012473,5.20241716422416,5.069779494684323,0.7934668806210077,36,34.0,36.0,47.0,32.0,95760,78831.0,90397.0,80899.0,91921.0,12,12.0,13.0,13.0,13.0,36528,39075.0,40045.0,54537.0,57568.0,51,56.0,45.0,44.0,42.0,99581,103472.0,160351.0,100453.0,102825.0,44,41.0,37.0,37.0,36.0,30172,30459.0,28827.0,28877.0,28212.0
2023-10-13,140.19862365722656,311.9506225585937,45.376346588134766,251.1199951171875,33,11,51,51,82902,34319,97201,28973,-3.611869537557888,-0.6577392450609842,-0.23458832949414532,1.9986074634364748,33,36.0,34.0,36.0,47.0,82902,95760.0,78831.0,90397.0,80899.0,11,12.0,12.0,13.0,13.0,34319,36528.0,39075.0,40045.0,54537.0,51,51.0,56.0,45.0,44.0,97201,99581.0,103472.0,160351.0,100453.0,51,44.0,41.0,37.0,37.0,28973,30172.0,30459.0,28827.0,28877.0
2023-10-20,135.4148406982422,305.96319580078125,41.30993270874024,211.9900054931641,52,14,54,44,91185,38094,105049,28850,-15.582187951924354,-8.961527723472184,-1.9193507961946188,-3.4121468771906804,52,33.0,36.0,34.0,36.0,91185,82902.0,95760.0,78831.0,90397.0,14,11.0,12.0,12.0,13.0,38094,34319.0,36528.0,39075.0,40045.0,54,51.0,51.0,56.0,45.0,105049,97201.0,99581.0,103472.0,160351.0,44,51.0,44.0,41.0,37.0,28850,28973.0,30172.0,30459.0,28827.0
2023-10-27,128.53753662109375,294.1468811035156,40.42458724975586,207.3000030517578,40,13,60,43,80966,38015,101323,28836,-2.212369602281794,-2.1431781678914796,-3.8620052540435212,-5.078693030754133,40,52.0,33.0,36.0,34.0,80966,91185.0,82902.0,95760.0,78831.0,13,14.0,11.0,12.0,12.0,38015,38094.0,34319.0,36528.0,39075.0,60,54.0,51.0,51.0,56.0,101323,105049.0,97201.0,99581.0,103472.0,43,44.0,51.0,44.0,41.0,28836,28850.0,28973.0,30172.0,30459.0
2023-11-03,135.46218872070312,311.8614196777344,44.921199798583984,219.9600067138672,38,13,53,39,74900,34900,100305,28001,6.1070928488836,11.123459396249702,6.022344519772305,5.387260625681689,38,40.0,52.0,33.0,36.0,74900,80966.0,91185.0,82902.0,95760.0,13,13.0,14.0,11.0,12.0,34900,38015.0,38094.0,34319.0,36528.0,53,60.0,54.0,51.0,51.0,100305,101323.0,105049.0,97201.0,99581.0,39,43.0,44.0,51.0,44.0,28001,28836.0,28850.0,28973.0,30172.0
2023-11-10,138.71141052246094,325.90802001953125,48.2449951171875,214.6499938964844,35,13,58,39,73371,33871,98730,28981,-2.414081039872973,7.399168618618002,4.504116077042197,2.3986190039030575,35,38.0,40.0,52.0,33.0,73371,74900.0,80966.0,91185.0,82902.0,13,13.0,13.0,14.0,11.0,33871,34900.0,38015.0,38094.0,34319.0,58,53.0,60.0,54.0,51.0,98730,100305.0,101323.0,105049.0,97201.0,39,39.0,43.0,44.0,51.0,28981,28001.0,28836.0,28850.0,28973.0
2023-11-17,144.7645721435547,332.1234741210937,49.20620727539063,234.3000030517578,39,16,60,43,71204,37710,97989,30384,9.154441981838435,1.9923562140867546,1.9071191010242572,4.363852691205672,39,35.0,38.0,40.0,52.0,71204,73371.0,74900.0,80966.0,91185.0,16,13.0,13.0,13.0,14.0,37710,33871.0,34900.0,38015.0,38094.0,60,58.0,53.0,60.0,54.0,97989,98730.0,100305.0,101323.0,105049.0,43,39.0,39.0,43.0,44.0,30384,28981.0,28001.0,28836.0,28850.0
2023-11-24,145.4466094970703,335.28564453125,47.6870346069336,235.4499969482422,29,26,61,36,79235,46850,97484,27263,0.4908211188671352,-3.087359812055279,0.9521068688458145,0.471135543328427,29,39.0,35.0,38.0,40.0,79235,71204.0,73371.0,74900.0,80966.0,26,16.0,13.0,13.0,13.0,46850,37710.0,33871.0,34900.0,38015.0,61,60.0,58.0,53.0,60.0,97484,97989.0,98730.0,100305.0,101323.0,36,43.0,39.0,39.0,43.0,27263,30384.0,28981.0,28001.0,28836.0
2023-12-01,148.57264709472656,321.9924011230469,46.67791748046875,238.8300018310547,40,14,58,42,93241,41667,91601,27668,1.4355510412495498,-2.1161247177196585,-3.964751734834304,2.149268111828495,40,29.0,39.0,35.0,38.0,93241,79235.0,71204.0,73371.0,74900.0,14,26.0,16.0,13.0,13.0,41667,46850.0,37710.0,33871.0,34900.0,58,61.0,60.0,58.0,53.0,91601,97484.0,97989.0,98730.0,100305.0,42,36.0,43.0,39.0,39.0,27668,27263.0,30384.0,28981.0,28001.0
2023-12-08,150.16409301757812,329.85333251953125,47.42171096801758,243.83999633789065,34,13,58,42,98531,48210,92193,27718,2.097724100165599,1.593459022374022,2.4413406555766404,1.0711567397980737,34,40.0,29.0,39.0,35.0,98531,93241.0,79235.0,71204.0,73371.0,13,14.0,26.0,16.0,13.0,48210,41667.0,46850.0,37710.0,33871.0,58,58.0,61.0,60.0,58.0,92193,91601.0,97484.0,97989.0,98730.0,42,42.0,36.0,43.0,39.0,27718,27668.0,27263.0,30384.0,28981.0
2023-12-15,156.52041625976562,332.00445556640625,48.80324935913086,253.5,35,13,62,45,92439,53960,88722,28339,3.9616157345751413,2.9133035542412866,0.6521453127194432,4.232918212640513,35,34.0,40.0,29.0,39.0,92439,98531.0,93241.0,79235.0,71204.0,13,13.0,14.0,26.0,16.0,53960,48210.0,41667.0,46850.0,37710.0,62,58.0,58.0,61.0,60.0,88722,92193.0,91601.0,97484.0,97989.0,45,42.0,42.0,36.0,43.0,28339,27718.0,27668.0,27263.0,30384.0
2023-12-22,158.57601928710938,350.31365966796875,48.743350982666016,252.5399932861328,34,14,64,45,87465,43868,85332,25112,-0.37870087332039226,-0.12273440242486222,5.514746502521062,1.313313033829533,34,35.0,34.0,40.0,29.0,87465,92439.0,98531.0,93241.0,79235.0,14,13.0,13.0,14.0,26.0,43868,53960.0,48210.0,41667.0,46850.0,64,62.0,58.0,58.0,61.0,85332,88722.0,92193.0,91601.0,97484.0,45,45.0,42.0,42.0,36.0,25112,28339.0,27718.0,27668.0,27263.0
2023-12-29,161.13372802734375,350.878662109375,49.43413543701172,248.47999572753903,29,11,71,36,78553,42788,77919,22657,-1.6076651882990012,1.4171870427853062,0.16128473035901258,1.612922780968229,29,34.0,35.0,34.0,40.0,78553,87465.0,92439.0,98531.0,93241.0,11,14.0,13.0,13.0,14.0,42788,43868.0,53960.0,48210.0,41667.0,71,64.0,62.0,58.0,58.0,77919,85332.0,88722.0,92193.0,91601.0,36,45.0,45.0,42.0,42.0,22657,25112.0,28339.0,27718.0,27668.0
2024-01-05,164.19561767578125,348.88623046875,49.009883880615234,237.4900054931641,30,11,58,49,89141,36033,81094,28256,-4.422887324267977,-0.8582157908618826,-0.5678406400227098,1.9002164760427487,30,29.0,34.0,35.0,34.0,89141,78553.0,87465.0,92439.0,98531.0,11,11.0,14.0,13.0,13.0,36033,42788.0,43868.0,53960.0,48210.0,58,71.0,64.0,62.0,58.0,81094,77919.0,85332.0,88722.0,92193.0,49,36.0,45.0,45.0,42.0,28256,22657.0,25112.0,28339.0,27718.0
2024-01-12,161.12652587890625,371.2300720214844,54.6129264831543,218.88999938964844,32,21,61,69,103434,41354,92131,32281,-7.831911100802524,11.432474755883316,6.4043345943215035,-1.8691679110067305,32,30.0,29.0,34.0,35.0,103434,89141.0,78553.0,87465.0,92439.0,21,11.0,11.0,14.0,13.0,41354,36033.0,42788.0,43868.0,53960.0,61,58.0,71.0,64.0,62.0,92131,81094.0,77919.0,85332.0,88722.0,69,49.0,36.0,45.0,45.0,32281,28256.0,22657.0,25112.0,28339.0
2024-01-19,162.32745361328125,380.1119995117188,59.38544464111328,212.19000244140625,34,19,58,50,135687,76659,92339,34756,-3.0608967823675948,8.738806845355729,2.3925668095445607,0.7453321095482135,34,32.0,30.0,29.0,34.0,135687,103434.0,89141.0,78553.0,87465.0,19,21.0,11.0,11.0,14.0,76659,41354.0,36033.0,42788.0,43868.0,58,61.0,58.0,71.0,64.0,92339,92131.0,81094.0,77919.0,85332.0,50,69.0,49.0,36.0,45.0,34756,32281.0,28256.0,22657.0,25112.0
2024-01-26,164.2051239013672,390.70904541015625,60.92270278930664,183.25,66,25,58,47,133622,93351,89976,33583,-13.63872100873258,2.588610992952134,2.7878746032879986,1.1567176385081313,66,34.0,32.0,30.0,29.0,133622,135687.0,103434.0,89141.0,78553.0,25,19.0,21.0,11.0,11.0,93351,76659.0,41354.0,36033.0,42788.0,58,58.0,61.0,58.0,71.0,89976,92339.0,92131.0,81094.0,77919.0,47,50.0,69.0,49.0,36.0,33583,34756.0,32281.0,28256.0,22657.0
2024-02-02,166.540283203125,470.8551330566406,66.04261779785156,187.91000366210935,52,23,76,47,122809,71486,100277,32104,2.5429760775494303,8.40395250724757,20.512984940583866,1.422098924976578,52,66.0,34.0,32.0,30.0,122809,133622.0,135687.0,103434.0,89141.0,23,25.0,19.0,21.0,11.0,71486,93351.0,76659.0,41354.0,36033.0,76,58.0,58.0,61.0,58.0,100277,89976.0,92339.0,92131.0,81094.0,47,47.0,50.0,69.0,49.0,32104,33583.0,34756.0,32281.0,28256.0
2024-02-09,166.80715942382812,464.0350036621094,72.00501251220703,193.57000732421875,45,35,72,51,80753,59883,62096,27583,3.012082141346206,9.028101721536297,-1.4484559933024777,0.16024724803525014,45,52.0,66.0,34.0,32.0,80753,122809.0,133622.0,135687.0,103434.0,35,23.0,25.0,19.0,21.0,59883,71486.0,93351.0,76659.0,41354.0,72,76.0,58.0,58.0,61.0,62096,100277.0,89976.0,92339.0,92131.0,51,47.0,47.0,50.0,69.0,27583,32104.0,33583.0,34756.0,32281.0
2024-02-16,170.6387481689453,469.19964599609375,72.48416137695312,199.9499969482422,39,34,65,43,79117,104010,87301,25974,3.2959597988428735,0.6654382077426302,1.112985506098818,2.2970169615932345,39,45.0,52.0,66.0,34.0,79117,80753.0,122809.0,133622.0,135687.0,34,35.0,23.0,25.0,19.0,104010,59883.0,71486.0,93351.0,76659.0,65,72.0,76.0,58.0,58.0,87301,62096.0,100277.0,89976.0,92339.0,43,51.0,47.0,47.0,50.0,25974,27583.0,32104.0,33583.0,34756.0
2024-02-23,175.36630249023438,480.3255310058594,78.67716217041016,191.97000122070312,33,81,63,45,90998,227988,86147,28117,-3.9909956735856844,8.543936600508339,2.3712475285751378,2.770504572975674,33,39.0,45.0,52.0,66.0,90998,79117.0,80753.0,122809.0,133622.0,81,34.0,35.0,23.0,25.0,227988,104010.0,59883.0,71486.0,93351.0,63,65.0,72.0,76.0,58.0,86147,87301.0,62096.0,100277.0,89976.0,45,43.0,51.0,47.0,47.0,28117,25974.0,27583.0,32104.0,33583.0
2024-03-01,176.6053466796875,498.4557189941406,82.13301086425781,202.63999938964844,36,37,63,48,98162,182235,87202,28531,5.558159140020158,4.392441972376293,3.7745626284562572,0.7065463386400239,36,33.0,39.0,45.0,52.0,98162,90998.0,79117.0,80753.0,122809.0,37,81.0,34.0,35.0,23.0,182235,227988.0,104010.0,59883.0,71486.0,63,63.0,65.0,72.0,76.0,87202,86147.0,87301.0,62096.0,100277.0,48,45.0,43.0,51.0,47.0,28531,28117.0,25974.0,27583.0,32104.0
2024-03-08,179.39804077148438,502.0778198242188,87.37677764892578,175.33999633789062,46,52,85,52,99821,111499,160122,28891,-13.472168937023987,6.3844813790333355,0.7266645144301753,1.5813191074345312,46,36.0,33.0,39.0,45.0,99821,98162.0,90998.0,79117.0,80753.0,52,37.0,81.0,34.0,35.0,111499,182235.0,227988.0,104010.0,59883.0,85,63.0,63.0,65.0,72.0,160122,87202.0,86147.0,87301.0,62096.0,52,48.0,45.0,43.0,51.0,28891,28531.0,28117.0,25974.0,27583.0
2024-03-15,181.38052368164065,480.3950500488281,87.68527221679688,163.57000732421875,46,47,64,46,99234,85729,97038,28440,-6.712666396428113,0.35306242250154884,-4.318607379027817,1.1050750061877945,46,46.0,36.0,33.0,39.0,99234,99821.0,98162.0,90998.0,79117.0,47,52.0,37.0,81.0,34.0,85729,111499.0,182235.0,227988.0,104010.0,64,85.0,63.0,63.0,65.0,97038,160122.0,87202.0,86147.0,87301.0,46,52.0,48.0,45.0,43.0,28440,28891.0,28531.0,28117.0,25974.0
2024-03-22,187.40431213378903,505.6799926757813,94.12611389160156,170.8300018310547,45,48,62,48,92367,111789,87347,26348,4.438463154461814,7.345408769308559,5.263364521425262,3.3210778808431263,45,46.0,46.0,36.0,33.0,92367,99234.0,99821.0,98162.0,90998.0,48,47.0,52.0,37.0,81.0,111789,85729.0,111499.0,182235.0,227988.0,62,64.0,85.0,63.0,63.0,87347,97038.0,160122.0,87202.0,86147.0,48,46.0,52.0,48.0,45.0,26348,28440.0,28891.0,28531.0,28117.0
2024-03-29,190.91180419921875,481.8636779785156,90.1999053955078,175.7899932861328,36,32,62,46,88141,87791,84101,29908,2.9034662541205014,-4.171221283623061,-4.709760133329144,1.8716175873934482,36,45.0,46.0,46.0,36.0,88141,92367.0,99234.0,99821.0,98162.0,32,48.0,47.0,52.0,37.0,87791,111789.0,85729.0,111499.0,182235.0,62,62.0,64.0,85.0,63.0,84101,87347.0,97038.0,160122.0,87202.0,46,48.0,46.0,52.0,48.0,29908,26348.0,28440.0,28891.0,28531.0
2024-04-05,189.2931671142578,523.3040771484375,87.8559799194336,164.89999389648438,51,28,63,48,87897,64234,81256,28071,-6.194891521454704,-2.598589727779177,8.60002549762,-0.8478454707137262,51,36.0,45.0,46.0,46.0,87897,88141.0,92367.0,99234.0,99821.0,28,32.0,48.0,47.0,52.0,64234,87791.0,111789.0,85729.0,111499.0,63,62.0,62.0,64.0,85.0,81256,84101.0,87347.0,97038.0,160122.0,48,46.0,48.0,46.0,52.0,28071,29908.0,26348.0,28440.0,28891.0
2024-04-12,175.23878479003906,507.9822082519531,88.03363800048828,171.0500030517578,38,28,62,65,80347,59827,81055,27805,3.7295387403920133,0.20221512663975982,-2.9279093295002667,-7.424664365056288,38,51.0,36.0,45.0,46.0,80347,87897.0,88141.0,92367.0,99234.0,28,28.0,32.0,48.0,47.0,59827,64234.0,87791.0,111789.0,85729.0,62,63.0,62.0,62.0,64.0,81055,81256.0,84101.0,87347.0,97038.0,65,48.0,46.0,48.0,46.0,27805,28071.0,29908.0,26348.0,28440.0
2024-04-19,178.12445068359375,477.38818359375,76.06836700439453,147.0500030517578,53,30,71,50,98146,56430,86037,25101,-14.030984841747053,-13.591703430485724,-6.022656731124898,1.6467050356529844,53,38.0,51.0,36.0,45.0,98146,80347.0,87897.0,88141.0,92367.0,30,28.0,28.0,32.0,48.0,56430,59827.0,64234.0,87791.0,111789.0,71,62.0,63.0,62.0,62.0,86037,81055.0,81256.0,84101.0,87347.0,50,65.0,48.0,46.0,48.0,25101,27805.0,28071.0,29908.0,26348.0
2024-04-26,185.49679565429688,439.8973388671875,87.58345794677734,168.2899932861328,84,35,85,47,102957,54216,96599,29211,14.44405970321474,15.137817986440517,-7.853324823487173,4.138873098224338,84,53.0,38.0,51.0,36.0,102957,98146.0,80347.0,87897.0,88141.0,35,30.0,28.0,28.0,32.0,54216,56430.0,59827.0,64234.0,87791.0,85,71.0,62.0,63.0,62.0,96599,86037.0,81055.0,81256.0,84101.0,47,50.0,65.0,48.0,46.0,29211,25101.0,27805.0,28071.0,29908.0
2024-05-03,182.63987731933597,448.5009765625,88.6356201171875,181.19000244140625,62,27,71,43,86209,62498,86085,26694,7.665345338353169,1.2013252217667914,1.9558285388741714,-1.5401443053955743,62,84.0,53.0,38.0,51.0,86209,102957.0,98146.0,80347.0,87897.0,27,35.0,30.0,28.0,28.0,62498,54216.0,56430.0,59827.0,64234.0,71,85.0,71.0,62.0,63.0,86085,96599.0,86037.0,81055.0,81256.0,43,47.0,50.0,65.0,48.0,26694,29211.0,25101.0,27805.0,28071.0
2024-05-10,190.5586395263672,472.5554809570313,89.72273254394531,168.47000122070312,38,26,64,45,69600,49640,82176,25430,-7.020255560080669,1.2264961031699384,5.363311486832223,4.335724663889096,38,62.0,84.0,53.0,38.0,69600,86209.0,102957.0,98146.0,80347.0,26,27.0,35.0,30.0,28.0,49640,62498.0,54216.0,56430.0,59827.0,64,71.0,85.0,71.0,62.0,82176,86085.0,96599.0,86037.0,81055.0,45,43.0,47.0,50.0,65.0,25430,26694.0,29211.0,25101.0,27805.0
2024-05-17,196.32994079589844,468.29833984375,92.31924438476562,177.4600067138672,33,27,64,47,47734,38819,80447,24816,5.3362648709112115,2.8939286256674857,-0.9008764652691403,3.028622204627296,33,38.0,62.0,84.0,53.0,47734,69600.0,86209.0,102957.0,98146.0,27,26.0,27.0,35.0,30.0,38819,49640.0,62498.0,54216.0,56430.0,64,64.0,71.0,85.0,71.0,80447,82176.0,86085.0,96599.0,86037.0,47,45.0,43.0,47.0,50.0,24816,25430.0,26694.0,29211.0,25101.0
2024-05-24,192.4185028076172,474.5600280761719,106.28507232666016,179.24000549316406,33,72,66,49,47851,89834,75046,26729,1.003042213430616,15.127753736467042,1.3371151891145017,-1.9922778830496979,33,33.0,38.0,62.0,84.0,47851,47734.0,69600.0,86209.0,102957.0,72,27.0,26.0,27.0,35.0,89834,38819.0,49640.0,62498.0,54216.0,66,64.0,64.0,71.0,85.0,75046,80447.0,82176.0,86085.0,96599.0,49,47.0,45.0,43.0,47.0,26729,24816.0,25430.0,26694.0,29211.0
2024-05-31,194.2591857910156,463.2571411132813,109.44361114501952,178.0800018310547,26,52,63,44,46748,94950,74250,24741,-0.6471789927241511,2.9717614611502574,-2.3817612723750825,0.9566039422096217,26,33.0,33.0,38.0,62.0,46748,47851.0,47734.0,69600.0,86209.0,52,72.0,27.0,26.0,27.0,94950,89834.0,38819.0,49640.0,62498.0,63,66.0,64.0,64.0,71.0,74250,75046.0,80447.0,82176.0,86085.0,44,49.0,47.0,45.0,43.0,24741,26729.0,24816.0,25430.0,26694.0
2024-06-07,191.6898651123047,489.1871643066406,120.6791763305664,177.47999572753906,28,66,65,45,44542,173978,59052,24474,-0.3369306476562417,10.26607681160947,5.597328328505702,-1.3226250631334313,28,26.0,33.0,33.0,38.0,44542,46748.0,47851.0,47734.0,69600.0,66,52.0,72.0,27.0,26.0,173978,94950.0,89834.0,38819.0,49640.0,65,63.0,66.0,64.0,64.0,59052,74250.0,75046.0,80447.0,82176.0,45,44.0,49.0,47.0,45.0,24474,24741.0,26729.0,24816.0,25430.0
2024-06-14,185.7747802734375,500.7982177734375,131.66297912597656,178.00999450683594,45,71,64,47,55317,115538,34280,23865,0.2986245165965018,9.101655421746614,2.3735400913991844,-3.085757734453898,45,28.0,26.0,33.0,33.0,55317,44542.0,46748.0,47851.0,47734.0,71,66.0,52.0,72.0,27.0,115538,173978.0,94950.0,89834.0,38819.0,64,65.0,63.0,66.0,64.0,34280,59052.0,74250.0,75046.0,80447.0,47,45.0,44.0,49.0,47.0,23865,24474.0,24741.0,26729.0,24816.0
2024-06-21,188.1906890869141,491.4808044433594,126.36172485351562,183.00999450683597,33,70,61,42,46684,249105,32020,22696,2.8088310512295545,-4.026381833110914,-1.860512477760723,1.3004503678705426,33,45.0,28.0,26.0,33.0,46684,55317.0,44542.0,46748.0,47851.0,70,71.0,66.0,52.0,72.0,249105,115538.0,173978.0,94950.0,89834.0,61,64.0,65.0,63.0,66.0,32020,34280.0,59052.0,74250.0,75046.0,42,47.0,45.0,44.0,49.0,22696,23865.0,24474.0,24741.0,26729.0
2024-06-28,193.9044647216797,500.8577880859375,123.33672332763672,197.8800048828125,38,73,67,46,45845,104749,36090,22980,8.125244971482193,-2.39392231261929,1.9079043490209724,3.0361627679288405,38,33.0,45.0,28.0,26.0,45845,46684.0,55317.0,44542.0,46748.0,73,70.0,71.0,66.0,52.0,104749,249105.0,115538.0,173978.0,94950.0,67,61.0,64.0,65.0,63.0,36090,32020.0,34280.0,59052.0,74250.0,46,42.0,47.0,45.0,44.0,22980,22696.0,23865.0,24474.0,24741.0
2024-07-05,197.41781616210935,536.309814453125,125.6229476928711,251.5200042724609,67,43,64,45,45253,59847,37115,24749,27.107336803137237,1.853644481182748,7.078261975853439,1.8118981661781497,67,38.0,33.0,45.0,28.0,45253,45845.0,46684.0,55317.0,44542.0,43,73.0,70.0,71.0,66.0,59847,104749.0,249105.0,115538.0,173978.0,64,67.0,61.0,64.0,65.0,37115,36090.0,32020.0,34280.0,59052.0,45,46.0,42.0,47.0,45.0,24749,22980.0,22696.0,23865.0,24474.0
2024-07-12,197.5624237060547,495.5434875488281,129.02734375,248.22999572753903,66,51,63,62,44255,53567,35866,25674,-1.3080504488851452,2.7100112834894885,-7.601264382205331,0.073249490221583,66,67.0,38.0,33.0,45.0,44255,45253.0,45845.0,46684.0,55317.0,51,43.0,73.0,70.0,71.0,53567,59847.0,104749.0,249105.0,115538.0,63,64.0,67.0,61.0,64.0,35866,37115.0,36090.0,32020.0,34280.0,62,45.0,46.0,42.0,47.0,25674,24749.0,22980.0,22696.0,23865.0
2024-07-19,202.2281951904297,473.6107482910156,117.73595428466795,239.1999969482422,55,53,69,56,46124,50301,37594,25596,-3.637754878426658,-8.751160131770163,-4.42599687189944,2.361669490002316,55,66.0,67.0,38.0,33.0,46124,44255.0,45253.0,45845.0,46684.0,53,51.0,43.0,73.0,70.0,50301,53567.0,59847.0,104749.0,249105.0,69,63.0,64.0,67.0,61.0,37594,35866.0,37115.0,36090.0,32020.0,56,62.0,45.0,46.0,42.0,25596,25674.0,24749.0,22980.0,22696.0
2024-07-26,204.5996551513672,462.59466552734375,112.87395477294922,219.8000030517578,74,51,75,46,51105,56661,37387,24630,-8.110365444813162,-4.129579227737978,-2.3259782011752272,1.1726653440705448,74,55.0,66.0,67.0,38.0,51105,46124.0,44255.0,45253.0,45845.0,51,53.0,51.0,43.0,73.0,56661,50301.0,53567.0,59847.0,104749.0,75,69.0,63.0,64.0,67.0,37387,37594.0,35866.0,37115.0,36090.0,46,56.0,62.0,45.0,46.0,24630,25596.0,25674.0,24749.0,22980.0
2024-08-02,191.97122192382807,484.8850402832031,107.09347534179688,207.6699981689453,41,67,74,47,42440,50768,35377,23526,-5.518655466058464,-5.121180916164425,4.818554215373205,-6.172265157630075,41,74.0,55.0,66.0,67.0,42440,51105.0,46124.0,44255.0,45253.0,67,51.0,53.0,51.0,43.0,50768,56661.0,50301.0,53567.0,59847.0,74,75.0,69.0,63.0,64.0,35377,37387.0,37594.0,35866.0,37115.0,47,46.0,56.0,62.0,45.0,23526,24630.0,25596.0,25674.0,24749.0
2024-08-09,198.39144897460935,514.3174438476562,104.57763671875,200.0,44,72,69,50,41188,56915,35486,24974,-3.6933588079995805,-2.34919878640355,6.069975585813658,3.3443695291624165,44,41.0,74.0,55.0,66.0,41188,42440.0,51105.0,46124.0,44255.0,72,67.0,51.0,53.0,51.0,56915,50768.0,56661.0,50301.0,53567.0,69,74.0,75.0,69.0,63.0,35486,35377.0,37387.0,37594.0,35866.0,50,47.0,46.0,56.0,62.0,24974,23526.0,24630.0,25596.0,25674.0
2024-08-16,206.26736450195312,523.9031372070312,124.37500762939452,216.1199951171875,34,53,68,46,45132,47515,33876,25415,8.059997558593746,18.930788198902746,1.863769832044504,3.9698865893921464,34,44.0,41.0,74.0,55.0,45132,41188.0,42440.0,51105.0,46124.0,53,72.0,67.0,51.0,53.0,47515,56915.0,50768.0,56661.0,50301.0,68,69.0,74.0,75.0,69.0,33876,35486.0,35377.0,37387.0,37594.0,46,50.0,47.0,46.0,56.0,25415,24974.0,23526.0,24630.0,25596.0
2024-08-23,210.4511260986328,524.479248046875,129.15711975097656,220.32000732421875,32,52,72,45,57034,46149,33802,28277,1.9433704895069237,3.8449140327544873,0.10996514411327762,2.0283197037891387,32,34.0,44.0,41.0,74.0,57034,45132.0,41188.0,42440.0,51105.0,52,53.0,72.0,67.0,51.0,46149,47515.0,56915.0,50768.0,56661.0,72,68.0,69.0,74.0,75.0,33802,33876.0,35486.0,35377.0,37387.0,45,46.0,50.0,47.0,46.0,28277,25415.0,24974.0,23526.0,24630.0
2024-08-30,216.7075042724609,517.8338623046875,119.173583984375,214.1100006103516,29,100,67,47,44193,102417,39633,29042,-2.8186304046044386,-7.729760299587419,-1.267044552655694,2.9728413859358094,29,32.0,34.0,44.0,41.0,44193,57034.0,45132.0,41188.0,42440.0,100,52.0,53.0,72.0,67.0,102417,46149.0,47515.0,56915.0,50768.0,67,72.0,68.0,69.0,74.0,39633,33802.0,33876.0,35486.0,35377.0,47,45.0,46.0,50.0,47.0,29042,28277.0,25415.0,24974.0,23526.0
2024-09-06,204.8117218017578,496.9341125488281,102.66079711914062,210.72999572753903,29,58,63,46,46375,73104,34649,30638,-1.5786300841517775,-13.856079773013608,-4.035995186340713,-5.489326505161918,29,29.0,32.0,34.0,44.0,46375,44193.0,57034.0,45132.0,41188.0,58,100.0,52.0,53.0,72.0,73104,102417.0,46149.0,47515.0,56915.0,63,67.0,72.0,68.0,69.0,34649,39633.0,33802.0,33876.0,35486.0,46,47.0,45.0,46.0,50.0,30638,29042.0,28277.0,25415.0,24974.0
2024-09-13,196.9647674560547,521.121826171875,118.9141845703125,230.2899932861328,31,53,63,59,49918,55177,34699,28854,9.282018675634408,15.832126680556913,4.8673884549775615,-3.8313013906979276,31,29.0,29.0,32.0,34.0,49918,46375.0,44193.0,57034.0,45132.0,53,58.0,100.0,52.0,53.0,55177,73104.0,102417.0,46149.0,47515.0,63,63.0,67.0,72.0,68.0,34699,34649.0,39633.0,33802.0,33876.0,59,46.0,47.0,45.0,46.0,28854,30638.0,29042.0,28277.0,25415.0
2024-09-20,203.4910430908203,558.1387939453125,115.81903839111328,238.25,32,43,63,47,47326,49649,35647,27754,3.4565143714155866,-2.6028401829296444,7.103323237363046,3.3134228618941775,32,31.0,29.0,29.0,32.0,47326,49918.0,46375.0,44193.0,57034.0,43,53.0,58.0,100.0,52.0,49649,55177.0,73104.0,102417.0,46149.0,63,63.0,63.0,67.0,72.0,35647,34699.0,34649.0,39633.0,33802.0,47,59.0,46.0,47.0,45.0,27754,28854.0,30638.0,29042.0,28277.0
2024-09-27,202.9222869873047,564.114501953125,121.21060180664062,260.4599914550781,38,43,80,46,48071,51881,38893,30373,9.322137022068478,4.65516161282602,1.0706491060354484,-0.27949933072080047,38,32.0,31.0,29.0,29.0,48071,47326.0,49918.0,46375.0,44193.0,43,43.0,53.0,58.0,100.0,51881,49649.0,55177.0,73104.0,102417.0,80,63.0,63.0,63.0,67.0,38893,35647.0,34699.0,34649.0,39633.0,46,47.0,59.0,46.0,47.0,30373,27754.0,28854.0,30638.0,29042.0
2024-10-04,204.8641357421875,592.5309448242188,124.72510528564452,250.0800018310547,38,36,74,47,45534,45099,40600,28801,-3.9852530002918662,2.899501715708297,5.037353723881921,0.9569420804942386,38,38.0,32.0,31.0,29.0,45534,48071.0,47326.0,49918.0,46375.0,36,43.0,43.0,53.0,58.0,45099,51881.0,49649.0,55177.0,73104.0,74,80.0,63.0,63.0,63.0,40600,38893.0,35647.0,34699.0,34649.0,47,46.0,47.0,59.0,46.0,28801,30373.0,27754.0,28854.0,30638.0
2024-10-11,215.6009979248047,586.5752563476562,134.5897216796875,217.8000030517578,56,44,71,57,57792,45844,43198,28233,-12.90786889913097,7.909086443704427,-1.0051269943934016,5.240967211620218,56,38.0,38.0,32.0,31.0,57792,45534.0,48071.0,47326.0,49918.0,44,36.0,43.0,43.0,53.0,45844,45099.0,51881.0,49649.0,55177.0,71,74.0,80.0,63.0,63.0,43198,40600.0,38893.0,35647.0,34699.0,57,47.0,46.0,47.0,59.0,28233,28801.0,30373.0,27754.0,28854.0
2024-10-18,218.5883331298828,573.17236328125,137.7847137451172,220.6999969482422,36,47,76,54,72431,53719,44722,26962,1.3314939650369118,2.373875230259781,-2.284940068877117,1.3855850547222603,36,56.0,38.0,38.0,32.0,72431,57792.0,45534.0,48071.0,47326.0,47,44.0,36.0,43.0,43.0,53719,45844.0,45099.0,51881.0,49649.0,76,71.0,74.0,80.0,63.0,44722,43198.0,40600.0,38893.0,35647.0,54,57.0,47.0,46.0,47.0,26962,28233.0,28801.0,30373.0,27754.0
2024-10-25,215.6204071044922,569.9707641601562,141.31918334960938,269.19000244140625,69,44,75,47,62174,66274,45901,25862,21.971004152091478,2.565211704856085,-0.558575277908635,-1.357769640718709,69,36.0,56.0,38.0,38.0,62174,72431.0,57792.0,45534.0,48071.0,44,47.0,44.0,36.0,43.0,66274,53719.0,45844.0,45099.0,51881.0,75,76.0,71.0,74.0,80.0,45901,44722.0,43198.0,40600.0,38893.0,47,54.0,57.0,47.0,46.0,25862,26962.0,28233.0,28801.0,30373.0
2024-11-01,216.23146057128903,563.9155883789062,135.18875122070312,248.97999572753903,43,40,82,46,58601,77541,43519,25183,-7.507710736124484,-4.338004214006941,-1.0623660303300309,0.283393151419431,43,69.0,36.0,56.0,38.0,58601,62174.0,72431.0,57792.0,45534.0,40,44.0,47.0,44.0,36.0,77541,66274.0,53719.0,45844.0,45099.0,82,75.0,76.0,71.0,74.0,43519,45901.0,44722.0,43198.0,40600.0,46,47.0,54.0,57.0,47.0,25183,25862.0,26962.0,28233.0,28801.0
2024-11-08,229.84896850585935,585.9686279296875,147.39967346191406,321.2200012207031,90,47,74,60,76804,74537,42226,25237,29.014381369102814,9.032498733031357,3.910698694139203,6.297653402790004,90,43.0,69.0,36.0,56.0,76804,58601.0,62174.0,72431.0,57792.0,47,40.0,44.0,47.0,44.0,74537,77541.0,66274.0,53719.0,45844.0,74,82.0,75.0,76.0,71.0,42226,43519.0,45901.0,44722.0,43198.0,60,46.0,47.0,54.0,57.0,25237,25183.0,25862.0,26962.0,28233.0
2024-11-15,237.9283142089844,550.9104614257812,141.7584991455078,320.7200012207031,100,44,79,53,97864,70413,44728,27733,-0.15565655877588513,-3.8271280959546017,-5.982942572842487,3.5150672007123296,100,90.0,43.0,69.0,36.0,97864,76804.0,58601.0,62174.0,72431.0,44,47.0,40.0,44.0,47.0,70413,74537.0,77541.0,66274.0,53719.0,79,74.0,82.0,75.0,76.0,44728,42226.0,43519.0,45901.0,44722.0,53,60.0,46.0,47.0,54.0,27733,25237.0,25183.0,25862.0,26962.0
2024-11-22,241.07081604003903,555.9414672851562,141.72854614257812,352.5599975585937,60,77,84,53,84044,85880,44715,26306,9.927661579166646,-0.021129599361058293,0.9132166135227271,1.3207767396252068,60,100.0,90.0,43.0,69.0,84044,97864.0,76804.0,58601.0,62174.0,77,44.0,47.0,40.0,44.0,85880,70413.0,74537.0,77541.0,66274.0,84,79.0,74.0,82.0,75.0,44715,44728.0,42226.0,43519.0,45901.0,53,53.0,60.0,46.0,47.0,26306,27733.0,25237.0,25183.0,25862.0
2024-11-29,242.2056121826172,571.0346069335938,138.0343017578125,345.1600036621094,41,36,85,47,77448,62934,44334,25311,-2.098931798198256,-2.6065633814159384,2.7148792699602353,0.4707314478039848,41,60.0,100.0,90.0,43.0,77448,84044.0,97864.0,76804.0,58601.0,36,77.0,44.0,47.0,40.0,62934,85880.0,70413.0,74537.0,77541.0,85,84.0,79.0,74.0,82.0,44334,44715.0,44728.0,42226.0,43519.0,47,53.0,53.0,60.0,46.0,25311,26306.0,27733.0,25237.0,25183.0
2024-12-06,239.9166412353516,620.2017822265625,142.2275848388672,389.2200012207031,52,39,87,55,75631,65711,44163,27865,12.765093606189026,3.03785582833751,8.610191868579076,-0.9450528113856271,52,41.0,60.0,100.0,90.0,75631,77448.0,84044.0,97864.0,76804.0,39,36.0,77.0,44.0,47.0,65711,62934.0,85880.0,70413.0,74537.0,87,85.0,84.0,79.0,74.0,44163,44334.0,44715.0,44728.0,42226.0,55,47.0,53.0,53.0,60.0,27865,25311.0,26306.0,27733.0,25237.0
2024-12-13,232.7198944091797,616.80126953125,134.0498046875,436.2300109863281,75,39,94,51,66383,70477,46295,25600,12.078004629306927,-5.749784868126651,-0.5482913452948268,-2.999686386536271,75,52.0,41.0,60.0,100.0,66383,75631.0,77448.0,84044.0,97864.0,39,39.0,36.0,77.0,44.0,70477,65711.0,62934.0,85880.0,70413.0,94,87.0,85.0,84.0,79.0,46295,44163.0,44334.0,44715.0,44728.0,51,55.0,47.0,53.0,53.0,25600,27865.0,25311.0,26306.0,27733.0
2024-12-20,230.4503173828125,582.3715209960938,134.49911499023438,421.05999755859375,86,45,92,53,66393,57324,62185,25206,-3.477526315402868,0.3351816168489119,-5.581984058061651,-0.9752397972374038,86,75.0,52.0,41.0,60.0,66393,66383.0,75631.0,77448.0,84044.0,45,39.0,39.0,36.0,77.0,57324,70477.0,65711.0,62934.0,85880.0,92,94.0,87.0,85.0,84.0,62185,46295.0,44163.0,44334.0,44715.0,53,51.0,55.0,47.0,53.0,25206,25600.0,27865.0,25311.0,26306.0
2024-12-27,233.91287231445312,596.85986328125,136.8056640625,431.6600036621094,50,29,100,37,63398,48072,39292,23832,2.5174574086773926,1.7149176575868896,2.487817786895774,1.5025168856195537,50,86.0,75.0,52.0,41.0,63398,66393.0,66383.0,75631.0,77448.0,29,45.0,39.0,39.0,36.0,48072,57324.0,70477.0,65711.0,62934.0,100,92.0,94.0,87.0,85.0,39292,62185.0,46295.0,44163.0,44334.0,37,53.0,51.0,55.0,47.0,23832,25206.0,25600.0,27865.0,25311.0
